-- MySQL Script generated by MySQL Workbench
-- Mon Aug  7 11:28:25 2023
-- Model: New Model    Version: 1.0
-- MySQL Workbench Forward Engineering

SET @OLD_UNIQUE_CHECKS=@@UNIQUE_CHECKS, UNIQUE_CHECKS=0;
SET @OLD_FOREIGN_KEY_CHECKS=@@FOREIGN_KEY_CHECKS, FOREIGN_KEY_CHECKS=0;
SET @OLD_SQL_MODE=@@SQL_MODE, SQL_MODE='ONLY_FULL_GROUP_BY,STRICT_TRANS_TABLES,NO_ZERO_IN_DATE,NO_ZERO_DATE,ERROR_FOR_DIVISION_BY_ZERO,NO_ENGINE_SUBSTITUTION';

-- -----------------------------------------------------
-- Schema group_project
-- -----------------------------------------------------
DROP SCHEMA IF EXISTS `group_project` ;

-- -----------------------------------------------------
-- Schema group_project
-- -----------------------------------------------------
CREATE SCHEMA IF NOT EXISTS `group_project` DEFAULT CHARACTER SET utf8 ;
USE `group_project` ;

-- -----------------------------------------------------
-- Table `group_project`.`city_table`
-- -----------------------------------------------------
DROP TABLE IF EXISTS `group_project`.`city_table` ;

CREATE TABLE IF NOT EXISTS `group_project`.`city_table` (
  `city_id` INT AUTO_INCREMENT NOT NULL,
  `city` VARCHAR(100) NOT NULL,
  `province` VARCHAR(100) NOT NULL,
  PRIMARY KEY (`city_id`))
ENGINE = InnoDB;


-- -----------------------------------------------------
-- Table `group_project`.`weather_details_table`
-- -----------------------------------------------------
DROP TABLE IF EXISTS `group_project`.`weather_details_table` ;

CREATE TABLE IF NOT EXISTS `group_project`.`weather_details_table` (
  `weather_id` INT AUTO_INCREMENT NOT NULL,
  `temperature` INT NOT NULL,
  `fells_like` INT NOT NULL,
  `humidity` VARCHAR(90) NOT NULL,
  `pressure` VARCHAR(45) NOT NULL,
  `visibility` VARCHAR(45) NOT NULL,
  `uv_index` INT NOT NULL,
  PRIMARY KEY (`weather_id`))
ENGINE = InnoDB;


-- -----------------------------------------------------
-- Table `group_project`.`air_quality_table`
-- -----------------------------------------------------
DROP TABLE IF EXISTS `group_project`.`air_quality_table` ;

CREATE TABLE IF NOT EXISTS `group_project`.`air_quality_table` (
  `air_quality_id` INT AUTO_INCREMENT NOT NULL,
  `air_quality_index` INT NOT NULL,
  PRIMARY KEY (`air_quality_id`))
ENGINE = InnoDB;


-- -----------------------------------------------------
-- Table `group_project`.`sun_time_table`
-- -----------------------------------------------------
DROP TABLE IF EXISTS `group_project`.`sun_time_table` ;

CREATE TABLE IF NOT EXISTS `group_project`.`sun_time_table` (
  `time_id` INT AUTO_INCREMENT NOT NULL,
  `sunrise_time` TIME NOT NULL,
  `sunset_time` TIME NOT NULL,
  PRIMARY KEY (`time_id`))
ENGINE = InnoDB;


-- -----------------------------------------------------
-- Table `group_project`.`weather_condition_table`
-- -----------------------------------------------------
DROP TABLE IF EXISTS `group_project`.`weather_condition_table` ;

CREATE TABLE IF NOT EXISTS `group_project`.`weather_condition_table` (
  `weather_condition_id` INT AUTO_INCREMENT NOT NULL,
  `weather_condition` VARCHAR(70) NOT NULL,
  PRIMARY KEY (`weather_condition_id`))
ENGINE = InnoDB;


-- -----------------------------------------------------
-- Table `group_project`.`current_wether`
-- -----------------------------------------------------
DROP TABLE IF EXISTS `group_project`.`current_weather` ;

CREATE TABLE IF NOT EXISTS `group_project`.`current_weather` (
  `current_weather_id` INT AUTO_INCREMENT NOT NULL,
  `date` DATE NOT NULL,
  `city_id` INT NOT NULL,
  `weather_id` INT NOT NULL,
  `air_quality_id` INT NOT NULL,
  `weather_condition_id` INT NOT NULL,
  `time_id` INT NOT NULL,
  PRIMARY KEY (`current_weather_id`),
  INDEX `fk_relationship_city_table1_idx` (`city_id` ASC)  ,
  INDEX `fk_relationship_weather_details_table2_idx` (`weather_id` ASC)  ,
  INDEX `fk_relationship_air_quality_table2_idx` (`air_quality_id` ASC)  ,
  INDEX `fk_relationship_weather_condition_table2_idx` (`weather_condition_id` ASC)  ,
  INDEX `fk_relationship_ sun_time_table2_idx` (`time_id` ASC)  ,
  CONSTRAINT `fk_relationship_city_table1`
    FOREIGN KEY (`city_id`)
    REFERENCES `group_project`.`city_table` (`city_id`)
    ON DELETE NO ACTION
    ON UPDATE NO ACTION,
  CONSTRAINT `fk_relationship_weather_details_table2`
    FOREIGN KEY (`weather_id`)
    REFERENCES `group_project`.`weather_details_table` (`weather_id`)
    ON DELETE NO ACTION
    ON UPDATE NO ACTION,
  CONSTRAINT `fk_relationship_air_quality_table2`
    FOREIGN KEY (`air_quality_id`)
    REFERENCES `group_project`.`air_quality_table` (`air_quality_id`)
    ON DELETE NO ACTION
    ON UPDATE NO ACTION,
  CONSTRAINT `fk_relationship_weather_condition_table2`
    FOREIGN KEY (`weather_condition_id`)
    REFERENCES `group_project`.`weather_condition_table` (`weather_condition_id`)
    ON DELETE NO ACTION
    ON UPDATE NO ACTION,
  CONSTRAINT `fk_relationship_sun_time_table2`
    FOREIGN KEY (`time_id`)
    REFERENCES `group_project`.`sun_time_table` (`time_id`)
    ON DELETE NO ACTION
    ON UPDATE NO ACTION)
ENGINE = InnoDB;

-- -----------------------------------------------------
-- Inserting Data To Air Quality Table
-- -----------------------------------------------------
INSERT INTO `air_quality_table`(`air_quality_id`, `air_quality_index`) VALUES (1,40);
INSERT INTO `air_quality_table`(`air_quality_id`, `air_quality_index`) VALUES (2,37);
INSERT INTO `air_quality_table`(`air_quality_id`, `air_quality_index`) VALUES (3,34);
INSERT INTO `air_quality_table`(`air_quality_id`, `air_quality_index`) VALUES (4,42);
INSERT INTO `air_quality_table`(`air_quality_id`, `air_quality_index`) VALUES (5,52);
INSERT INTO `air_quality_table`(`air_quality_id`, `air_quality_index`) VALUES (6,40);
INSERT INTO `air_quality_table`(`air_quality_id`, `air_quality_index`) VALUES (7,35);
INSERT INTO `air_quality_table`(`air_quality_id`, `air_quality_index`) VALUES (8,30);
INSERT INTO `air_quality_table`(`air_quality_id`, `air_quality_index`) VALUES (9,32);
INSERT INTO `air_quality_table`(`air_quality_id`, `air_quality_index`) VALUES (10,40);
INSERT INTO `air_quality_table`(`air_quality_id`, `air_quality_index`) VALUES (11,30);
INSERT INTO `air_quality_table`(`air_quality_id`, `air_quality_index`) VALUES (12,38);
INSERT INTO `air_quality_table`(`air_quality_id`, `air_quality_index`) VALUES (13,60);
INSERT INTO `air_quality_table`(`air_quality_id`, `air_quality_index`) VALUES (14,36);
INSERT INTO `air_quality_table`(`air_quality_id`, `air_quality_index`) VALUES (15,32);
INSERT INTO `air_quality_table`(`air_quality_id`, `air_quality_index`) VALUES (16,29);
INSERT INTO `air_quality_table`(`air_quality_id`, `air_quality_index`) VALUES (17,89);
INSERT INTO `air_quality_table`(`air_quality_id`, `air_quality_index`) VALUES (18,40);
INSERT INTO `air_quality_table`(`air_quality_id`, `air_quality_index`) VALUES (19,36);
INSERT INTO `air_quality_table`(`air_quality_id`, `air_quality_index`) VALUES (20,32);

-- -----------------------------------------------------
-- Inserting Data To City Table
-- -----------------------------------------------------
INSERT INTO `city_table`(`city_id`, `city`, `province`) VALUES (1,'Kitchener','Ontario');
INSERT INTO `city_table`(`city_id`, `city`, `province`) VALUES (2,'Cambridge','Ontario');
INSERT INTO `city_table`(`city_id`, `city`, `province`) VALUES (3,'Guelph','Ontario');
INSERT INTO `city_table`(`city_id`, `city`, `province`) VALUES (4,'Red Deer','Alberta');
INSERT INTO `city_table`(`city_id`, `city`, `province`) VALUES (5,'Calgary','Alberta');
INSERT INTO `city_table`(`city_id`, `city`, `province`) VALUES (6,'Edmonton','Alberta');
INSERT INTO `city_table`(`city_id`, `city`, `province`) VALUES (7,'Vancouver','British Columbia');
INSERT INTO `city_table`(`city_id`, `city`, `province`) VALUES (8,'Victoria','British Columbia');
INSERT INTO `city_table`(`city_id`, `city`, `province`) VALUES (9,'Kelowna','British Columbia');
INSERT INTO `city_table`(`city_id`, `city`, `province`) VALUES (10,'Montreal','Quebec');
INSERT INTO `city_table`(`city_id`, `city`, `province`) VALUES (11,'Quebec City','Quebec');
INSERT INTO `city_table`(`city_id`, `city`, `province`) VALUES (12,'Gatineau','Quebec');
INSERT INTO `city_table`(`city_id`, `city`, `province`) VALUES (13,'Winnipeg','Manitoba');
INSERT INTO `city_table`(`city_id`, `city`, `province`) VALUES (14,'Brandon','Manitoba');
INSERT INTO `city_table`(`city_id`, `city`, `province`) VALUES (15,'Edmonton','Manitoba');
INSERT INTO `city_table`(`city_id`, `city`, `province`) VALUES (16,'Saskatoon','Saskatchewan');
INSERT INTO `city_table`(`city_id`, `city`, `province`) VALUES (17,'Regina','Saskatchewan');
INSERT INTO `city_table`(`city_id`, `city`, `province`) VALUES (18,'Saint John','New Brunswick');
INSERT INTO `city_table`(`city_id`, `city`, `province`) VALUES (19,'Fredericton','New Brunswick');
INSERT INTO `city_table`(`city_id`, `city`, `province`) VALUES (20,'Barrie','Ontario');
	


-- -----------------------------------------------------
-- Inserting Data To Sun Time Table
-- -----------------------------------------------------
INSERT INTO `sun_time_table`(`time_id`, `sunrise_time`, `sunset_time`) VALUES (1,'05:31:00','20:42:00');
INSERT INTO `sun_time_table`(`time_id`, `sunrise_time`, `sunset_time`) VALUES (2,'05:40:00','20:40:00');
INSERT INTO `sun_time_table`(`time_id`, `sunrise_time`, `sunset_time`) VALUES (3,'05:34:00','20:35:00');
INSERT INTO `sun_time_table`(`time_id`, `sunrise_time`, `sunset_time`) VALUES (4,'05:30:00','20:45:00');
INSERT INTO `sun_time_table`(`time_id`, `sunrise_time`, `sunset_time`) VALUES (5,'05:30:00','20:40:00');
INSERT INTO `sun_time_table`(`time_id`, `sunrise_time`, `sunset_time`) VALUES (6,'05:25:00','20:46:00');
INSERT INTO `sun_time_table`(`time_id`, `sunrise_time`, `sunset_time`) VALUES (7,'05:30:00','20:43:00');
INSERT INTO `sun_time_table`(`time_id`, `sunrise_time`, `sunset_time`) VALUES (8,'05:31:00','20:42:00');
INSERT INTO `sun_time_table`(`time_id`, `sunrise_time`, `sunset_time`) VALUES (9,'05:35:00','20:38:00');
INSERT INTO `sun_time_table`(`time_id`, `sunrise_time`, `sunset_time`) VALUES (10,'05:37:00','20:48:00');
INSERT INTO `sun_time_table`(`time_id`, `sunrise_time`, `sunset_time`) VALUES (11,'05:30:00','20:40:00');
INSERT INTO `sun_time_table`(`time_id`, `sunrise_time`, `sunset_time`) VALUES (12,'05:35:00','20:38:00');
INSERT INTO `sun_time_table`(`time_id`, `sunrise_time`, `sunset_time`) VALUES (13,'05:29:00','20:42:00');
INSERT INTO `sun_time_table`(`time_id`, `sunrise_time`, `sunset_time`) VALUES (14,'05:32:00','20:45:00');
INSERT INTO `sun_time_table`(`time_id`, `sunrise_time`, `sunset_time`) VALUES (15,'05:30:00','20:40:00');
INSERT INTO `sun_time_table`(`time_id`, `sunrise_time`, `sunset_time`) VALUES (16,'05:35:00','20:46:00');
INSERT INTO `sun_time_table`(`time_id`, `sunrise_time`, `sunset_time`) VALUES (17,'05:25:00','20:42:00');
INSERT INTO `sun_time_table`(`time_id`, `sunrise_time`, `sunset_time`) VALUES (18,'05:36:00','20:54:00');
INSERT INTO `sun_time_table`(`time_id`, `sunrise_time`, `sunset_time`) VALUES (19,'05:39:00','20:57:00');
INSERT INTO `sun_time_table`(`time_id`, `sunrise_time`, `sunset_time`) VALUES (20,'05:31:00','20:50:00');

-- -----------------------------------------------------
-- Inserting Data To Weather Condition Table
-- -----------------------------------------------------
INSERT INTO `weather_condition_table`(`weather_condition_id`, `weather_condition`) VALUES (1,'Sunny');
INSERT INTO `weather_condition_table`(`weather_condition_id`, `weather_condition`) VALUES (2,'Snow');
INSERT INTO `weather_condition_table`(`weather_condition_id`, `weather_condition`) VALUES (3,'Rainy');
INSERT INTO `weather_condition_table`(`weather_condition_id`, `weather_condition`) VALUES (4,'Partly Cloudy');
INSERT INTO `weather_condition_table`(`weather_condition_id`, `weather_condition`) VALUES (5,'Clear Skies');
INSERT INTO `weather_condition_table`(`weather_condition_id`, `weather_condition`) VALUES (6,'Rainy');
INSERT INTO `weather_condition_table`(`weather_condition_id`, `weather_condition`) VALUES (7,'Cloudy');
INSERT INTO `weather_condition_table`(`weather_condition_id`, `weather_condition`) VALUES (8,'Sunny');
INSERT INTO `weather_condition_table`(`weather_condition_id`, `weather_condition`) VALUES (9,'Snow');
INSERT INTO `weather_condition_table`(`weather_condition_id`, `weather_condition`) VALUES (10,'Rainy');
INSERT INTO `weather_condition_table`(`weather_condition_id`, `weather_condition`) VALUES (11,'Clear Skies');
INSERT INTO `weather_condition_table`(`weather_condition_id`, `weather_condition`) VALUES (12,'Cloudy');
INSERT INTO `weather_condition_table`(`weather_condition_id`, `weather_condition`) VALUES (13,'Sunny');
INSERT INTO `weather_condition_table`(`weather_condition_id`, `weather_condition`) VALUES (14,'Clear');
INSERT INTO `weather_condition_table`(`weather_condition_id`, `weather_condition`) VALUES (15,'Snow');
INSERT INTO `weather_condition_table`(`weather_condition_id`, `weather_condition`) VALUES (16,'Sunny');
INSERT INTO `weather_condition_table`(`weather_condition_id`, `weather_condition`) VALUES (17,'Partly Cloudy');
INSERT INTO `weather_condition_table`(`weather_condition_id`, `weather_condition`) VALUES (18,'Snow');
INSERT INTO `weather_condition_table`(`weather_condition_id`, `weather_condition`) VALUES (19,'Sunny');
INSERT INTO `weather_condition_table`(`weather_condition_id`, `weather_condition`) VALUES (20,'Rainy');

-- -----------------------------------------------------
-- Inserting Data To Weather Details Table
-- -----------------------------------------------------
INSERT INTO `weather_details_table`(`weather_id`, `temperature`, `fells_like`, `humidity`, `pressure`, `visibility`, `uv_index`) VALUES (1,'29','30','70%','1008hPa','11 Km','6');
INSERT INTO `weather_details_table`(`weather_id`, `temperature`, `fells_like`, `humidity`, `pressure`, `visibility`, `uv_index`) VALUES (2,'29','30','70%','1009hPa','10 Km','7');
INSERT INTO `weather_details_table`(`weather_id`, `temperature`, `fells_like`, `humidity`, `pressure`, `visibility`, `uv_index`) VALUES (3,'28','30','80%','1013hPa','19 Km','8');
INSERT INTO `weather_details_table`(`weather_id`, `temperature`, `fells_like`, `humidity`, `pressure`, `visibility`, `uv_index`) VALUES (4,'29','30','60%','1012hPa','10 Km','5');
INSERT INTO `weather_details_table`(`weather_id`, `temperature`, `fells_like`, `humidity`, `pressure`, `visibility`, `uv_index`) VALUES (5,'27','25','60%','1034hPa','8 Km','4');
INSERT INTO `weather_details_table`(`weather_id`, `temperature`, `fells_like`, `humidity`, `pressure`, `visibility`, `uv_index`) VALUES (6,'29','30','73%','1009hPa','10 Km','9');
INSERT INTO `weather_details_table`(`weather_id`, `temperature`, `fells_like`, `humidity`, `pressure`, `visibility`, `uv_index`) VALUES (7,'25','30','60%','1010hPa','14 Km','10');
INSERT INTO `weather_details_table`(`weather_id`, `temperature`, `fells_like`, `humidity`, `pressure`, `visibility`, `uv_index`) VALUES (8,'30','29','80%','1013hPa','10 Km','6');
INSERT INTO `weather_details_table`(`weather_id`, `temperature`, `fells_like`, `humidity`, `pressure`, `visibility`, `uv_index`) VALUES (9,'28','26','70%','1016hPa','15 Km','9');
INSERT INTO `weather_details_table`(`weather_id`, `temperature`, `fells_like`, `humidity`, `pressure`, `visibility`, `uv_index`) VALUES (10,'29','30','80%','1009hPa','10 Km','9');
INSERT INTO `weather_details_table`(`weather_id`, `temperature`, `fells_like`, `humidity`, `pressure`, `visibility`, `uv_index`) VALUES (11,'26','35','60%','1011hPa','15 Km','6');
INSERT INTO `weather_details_table`(`weather_id`, `temperature`, `fells_like`, `humidity`, `pressure`, `visibility`, `uv_index`) VALUES (12,'30','26','70%','1015hPa','10 Km','5');
INSERT INTO `weather_details_table`(`weather_id`, `temperature`, `fells_like`, `humidity`, `pressure`, `visibility`, `uv_index`) VALUES (13,'26','35','60%','1011hPa','15 Km','6');
INSERT INTO `weather_details_table`(`weather_id`, `temperature`, `fells_like`, `humidity`, `pressure`, `visibility`, `uv_index`) VALUES (14,'29','28','50%','1006hPa','11 Km','10');
INSERT INTO `weather_details_table`(`weather_id`, `temperature`, `fells_like`, `humidity`, `pressure`, `visibility`, `uv_index`) VALUES (15,'24','24','50%','1003hPa','10 Km','11');
INSERT INTO `weather_details_table`(`weather_id`, `temperature`, `fells_like`, `humidity`, `pressure`, `visibility`, `uv_index`) VALUES (16,'26','34','60%','1011hPa','15 Km','6');
INSERT INTO `weather_details_table`(`weather_id`, `temperature`, `fells_like`, `humidity`, `pressure`, `visibility`, `uv_index`) VALUES (17,'28','30','80%','1014hPa','11 Km','8');
INSERT INTO `weather_details_table`(`weather_id`, `temperature`, `fells_like`, `humidity`, `pressure`, `visibility`, `uv_index`) VALUES (18,'26','26','60%','1010hPa','12 Km','10');
INSERT INTO `weather_details_table`(`weather_id`, `temperature`, `fells_like`, `humidity`, `pressure`, `visibility`, `uv_index`) VALUES (19,'26','35','80%','1019hPa','15 Km','7');
INSERT INTO `weather_details_table`(`weather_id`, `temperature`, `fells_like`, `humidity`, `pressure`, `visibility`, `uv_index`) VALUES (20,'29','28','70%','1003hPa','13 Km','6');

-- -----------------------------------------------------
-- Inserting Data To Relationship Table
-- -----------------------------------------------------
INSERT INTO `current_weather`(`current_weather_id`, `date`, `city_id`, `weather_id`, `air_quality_id`, `weather_condition_id`, `time_id`) VALUES (1,'2023-08-28',1,1,1,1,1);
INSERT INTO `current_weather`(`current_weather_id`, `date`, `city_id`, `weather_id`, `air_quality_id`, `weather_condition_id`, `time_id`) VALUES (2,'2023-08-28',2,2,2,2,2);
INSERT INTO `current_weather`(`current_weather_id`, `date`, `city_id`, `weather_id`, `air_quality_id`, `weather_condition_id`, `time_id`) VALUES (3,'2023-08-28',3,3,3,3,3);
INSERT INTO `current_weather`(`current_weather_id`, `date`, `city_id`, `weather_id`, `air_quality_id`, `weather_condition_id`, `time_id`) VALUES (4,'2023-08-28',4,4,4,4,4);
INSERT INTO `current_weather`(`current_weather_id`, `date`, `city_id`, `weather_id`, `air_quality_id`, `weather_condition_id`, `time_id`) VALUES (5,'2023-08-28',5,5,5,5,5);
INSERT INTO `current_weather`(`current_weather_id`, `date`, `city_id`, `weather_id`, `air_quality_id`, `weather_condition_id`, `time_id`) VALUES (6,'2023-08-28',6,6,6,6,6);
INSERT INTO `current_weather`(`current_weather_id`, `date`, `city_id`, `weather_id`, `air_quality_id`, `weather_condition_id`, `time_id`) VALUES (7,'2023-08-28',7,8,8,8,8);
INSERT INTO `current_weather`(`current_weather_id`, `date`, `city_id`, `weather_id`, `air_quality_id`, `weather_condition_id`, `time_id`) VALUES (8,'2023-08-28',8,7,7,7,7);
INSERT INTO `current_weather`(`current_weather_id`, `date`, `city_id`, `weather_id`, `air_quality_id`, `weather_condition_id`, `time_id`) VALUES (9,'2023-08-28',9,9,9,9,9);
INSERT INTO `current_weather`(`current_weather_id`, `date`, `city_id`, `weather_id`, `air_quality_id`, `weather_condition_id`, `time_id`) VALUES (10,'2023-08-28',10,10,10,10,10);
INSERT INTO `current_weather`(`current_weather_id`, `date`, `city_id`, `weather_id`, `air_quality_id`, `weather_condition_id`, `time_id`) VALUES (11,'2023-08-28',11,11,11,11,11);
INSERT INTO `current_weather`(`current_weather_id`, `date`, `city_id`, `weather_id`, `air_quality_id`, `weather_condition_id`, `time_id`) VALUES (12,'2023-08-28',12,13,13,13,13);
INSERT INTO `current_weather`(`current_weather_id`, `date`, `city_id`, `weather_id`, `air_quality_id`, `weather_condition_id`, `time_id`) VALUES (13,'2023-08-28',13,14,14,14,14);
INSERT INTO `current_weather`(`current_weather_id`, `date`, `city_id`, `weather_id`, `air_quality_id`, `weather_condition_id`, `time_id`) VALUES (14,'2023-08-28',14,12,12,12,12);
INSERT INTO `current_weather`(`current_weather_id`, `date`, `city_id`, `weather_id`, `air_quality_id`, `weather_condition_id`, `time_id`) VALUES (15,'2023-08-28',15,15,15,15,15);
INSERT INTO `current_weather`(`current_weather_id`, `date`, `city_id`, `weather_id`, `air_quality_id`, `weather_condition_id`, `time_id`) VALUES (16,'2023-08-28',16,16,16,16,16);
INSERT INTO `current_weather`(`current_weather_id`, `date`, `city_id`, `weather_id`, `air_quality_id`, `weather_condition_id`, `time_id`) VALUES (17,'2023-08-28',12,17,17,17,17);
INSERT INTO `current_weather`(`current_weather_id`, `date`, `city_id`, `weather_id`, `air_quality_id`, `weather_condition_id`, `time_id`) VALUES (18,'2023-08-28',18,18,18,18,18);
INSERT INTO `current_weather`(`current_weather_id`, `date`, `city_id`, `weather_id`, `air_quality_id`, `weather_condition_id`, `time_id`) VALUES (19,'2023-08-28',19,19,19,19,19);
INSERT INTO `current_weather`(`current_weather_id`, `date`, `city_id`, `weather_id`, `air_quality_id`, `weather_condition_id`, `time_id`) VALUES (20,'2023-08-28',20,20,20,20,20);

SET SQL_MODE=@OLD_SQL_MODE;
SET FOREIGN_KEY_CHECKS=@OLD_FOREIGN_KEY_CHECKS;
SET UNIQUE_CHECKS=@OLD_UNIQUE_CHECKS;